nombre,total
miguel grau,301
tupac amaru,249
jose san martin,220
javier prado,213
alfonso ugarte,147
jose carlos mariategui,139
nicolas ayllon,136
jose olaya,125
oscar raimundo benavides,122
ramon castilla,116
pachacutec,112
ricardo palma,109
francisco bolognesi,105
cesar vallejo,105
elmer faucett,98
jorge chavez,96
alfredo mendiola,92
nestor gambetta,89
jose galvez,89
carlos alberto izaguirre,88
san pedro,87
andres avelino caceres,81
san juan,80
salaverry,79
nicolas pierola,73
garcilazo vega,69
manco capac,66
daniel alcides carrion,64
mariano melgar,62
alfredo benavides,62
fernando wiese,61
san jose,60
simon bolivar,59
leoncio prado,59
tomas valle,58
san luis,57
san martin porres,55
victor raul haya torre,49
san francisco,48
juan velasco alvarado,48
victor andres belaunde,47
hipolito unanue,46
santa cruz,45
mateo pumacahua,43
sinchi roca,42
san antonio,41
julio cesar tello,41
bolognesi,40
tomas marsano,39
mariano pastor sevilla,39
nicolas arriola,39
santiago surco,39
ciro alegria,37
saenz peña,37
ciclovia tomas valle,37
jose santos chocano,36
elias aguirre,36
huayna capac,35
antonio sucre,35
san felipe,34
ramiro priale,33
santo domingo,32
san pablo,32
francisco zela,31
jorge basadre,30
san marcos,29
jose mar,28
faustino sanchez carrion,28
luis fernan bedoya reyes,28
enrique meiggs,27
enrique canaval moreyra,27
mariano condorcanqui,26
jose pardo,26
jose galvez barrenechea,26
gerardo unger,26
agustin gamarra,26
inca roca,26
san carlos,25
jose maria arguedas,25
diego ferre,24
san miguel,24
pedro miotta,24
rosario,24
jose balta,24
pastor sevilla,24
pedro ruiz gallo,24
bolivar,23
jaime bausate meza,22
ricardo elias aparicio,22
san cristobal,22
santiago antunez mayolo,22
nicolas dueñas,22
san lorenzo,22
jose granda,21
miguel iglesias,21
luis pardo,21
san diego alcala,21
andres aramburu,21
honorio delgado,19
antonio raimondi,19
meliton carbajal,19
jose torre ugarte,19
capac yupanqui,19
san juan bautista,19
javier heraud,18
petit thouars,18
inca garcilaso vega,18
juan pablo ii,18
bartolome herrera,17
francisco pizarro,17
manuel gonzales prada,17
jose riva aguero,17
jose bernardo alcedo,17
general juan antonio pezet,16
alejandro bertello,16
general borgoño,16
ignacio merino,15
velazco astete,15
mariano cornejo,15
samuel alcazar,15
alfredo palacios,15
lloque yupanqui,15
jose quiñones,15
raul ferrero,15
jose larco,14
alejandro tirado,14
julio c. tello,14
manuel prado,14
san lucas,14
belisario suarez,14
alipio ponce,14
sebastian barranca,14
santo toribio,14
antunez mayolo,13
jose maria eguren,13
san ignacio,13
jose gabriel condorcanqui,13
victor fajardo,13
luis perez salmon,13
guillermo billinghurst,13
agustin rosa toro,13
ramon carcamo,13
mayta capac,13
pablo carriquirry,13
pedro osma,12
manuel villaran,12
placido jimenez,12
san sebastian,12
alvarez arenales,12
hernando lavalle,12
comandante espinar,12
san fernando,12
tupac yupanqui,12
jose saco rojas,12
general orbegoso,11
san andres,11
manuel scorza,11
pedro venturo,11
jose riva agüero,11
victor malasquez,11
inca,11
jose abelardo quiñones,11
andres a. caceres,11
rafael escardo,11
san roque,11
nicolas rivera,11
juan vicente nicolini,11
pablo olavide,11
miguel angel,11
general cordova,11
daniel hernandez,11
general varela,11
alberto alexander,10
san german,10
manuel prado ugarteche,10
pedro beltran,10
antonio bazo,10
manuel echeandia,10
martin luther king,10
manuel gonzales,10
eduardo habich,10
sebastian lorente,10
gaston garcia rada,10
abraham valdelomar,10
francisco lazo,10
san judas tadeo,10
miguel dasso,10
general ernesto montagne,10
jose antonio encinas,10
jose acosta,10
manuel irribarren,10
via expresa elmer faucett,10
cesar canevaro,10
san agustin,10
pio xii,10
santisima cruz,10
cristobal colon,10
manco segundo,10
rufino torrico,10
yahuar huaca,10
augusto b. leguia,9
domingo orue,9
alonso molina,9
unanue,9
general garzon,9
manco inca ii,9
antonio jose sucre,9
ramon zavala,9
san nicolas,9
marcos calderon,9
general santa cruz,9
manco inca,9
augusto perez aranibar,9
mariategui,9
san ignacio loyola,9
german aguirre,9
ciclovia salaverry,9
san mateo,9
jose diaz,9
marco polo,9
san isidro,9
vasco nuñez balboa,9
mariscal andres avelino caceres,9
miguel checa eguiguren,9
jose rivera davalos,9
leonardo arrieta,9
manuel cipriano dulanto,9
antonio miro quesada,9
asuncion,9
mariscal castilla,9
luis felipe villaran,9
andres tinoco,9
jose sabogal,9
raul porras barrenechea,8
mariano santos,8
jose marti,8
coronel miguel baquero,8
ricardo rivera navarrete,8
jose gabriel aguilar,8
mariscal miller,8
bartolome trujillo,8
nicolas aranibar,8
pedro silva,8
horacio urteaga,8
abraham lincoln,8
camino inca,8
jose pardo zela,8
cerro san francisco,8
cornelio borda,8
baltazar caravedo,8
mariscal domingo nieto,8
san juan bosco (avenida u),8
manuel olguin,8
meliton porras,8
ramon vargas machuca,8
enrique villar,8
ignacio cossio,8
andres razuri,8
san alejandro,8
sao paulo,8
enrique lopez albujar,8
carlos villaran,8
milagros jesus,8
donatello,8
real felipe,8
pablo alas,8
bernardo alcedo,8
guillermo fuente,8
fernando teran,8
santiago tavara,8
ariosto matellini,8
alberto barton,7
ruta buses tomas marsano,7
justo naveda,7
jose ramirez gaston,7
inca ripac,7
juan pablo ii (auxiliar),7
alejandro deustua,7
alcides vigo,7
juan luis hague,7
antonio buckingham,7
jordan,7
comandante ladislao espinar,7
salvador allende,7
san jacinto,7
tomas molla,7
eduardo astete mendoza,7
pedro benvenutto murrieta,7
guadalupe,7
romulo betancourt,7
pablo neruda,7
trinidad,7
san pedro carabayllo,7
alejandro iglesias,7
guillermo dansey,7
marques bula,7
coronel pascual saco oliveros,7
juan jose muñoz,7
roosevelt,7
diego meza,7
san rafael,7
san juan dios,7
miguel aljovin,7
victor larco herrera,7
manuel torre ugarte,7
coronel inclan,7
ciclovia costa verde magdalena - san miguel,7
enrique leon garcia,7
cayetano heredia,7
ernesto diez canseco,7
manuel segura,7
san juan buena vista,7
san alberto,7
faucett,7
javier luna pizarro,7
general recavarren,7
narciso colina,7
santiago chuco,7
esteban camere,7
general vidal,7
jose olaya balandra,7
san francisco asis,7
marcos espinoza,7
baltazar torre,7
godofredo garcia,7
paul poblet,7
enrique barron,7
federico villarreal,7
pedro paulet,7
fray bartolome casas,7
alfredo franco,6
contralmirante villar,6
horacio zevallos,6
ramon herrera,6
inca garcilazo,6
felipe arancibia,6
inca moya,6
domingo elias,6
jose galdeano mendoza,6
marques torre tagle,6
benjamin doig,6
ovalo federico villarreal,6
jose leal,6
san valentin,6
manuel ascencio segura,6
michael faraday,6
francisco javier mariategui,6
ricardo malachowsky,6
manuel perez tudela,6
marcos llanos,6
aurelio miro quesada,6
carlos saco,6
paul harris,6
coronel edmundo aguilar pastor,6
andres bello,6
lizardo montero,6
ramon dagnino,6
santa ines,6
san bartolo,6
juan fanning,6
san vicente,6
joaquin capello,6
juan pablo vizcardo guzman,6
juan crespo castillo,6
san jorge,6
fray luis leon,6
canto rey,6
toribio rodriguez mendoza,6
antonio raymondi,6
augusto avelino caceres,6
republica israel,6
manuel villar,6
baños inca,6
sanzio,6
juan pazos,6
ramon guerrero,6
antonio miro quezada,6
hugo espinoza,6
jose gonzales,6
enrique palacios,6
pancho fierro,6
gregorio apaza,6
jose maria cordova,6
colonel juan valer sandoval,6
garcia calderon,6
carlos alcorta,6
padre urraca,6
san gregorio,6
enrique pallardelle,6
carlos a. ferreyra u.,6
federico chopin,6
juan neyra,6
sergio bernales,6
afranio mello franco,6
francisco masias,6
enrique camino brent,6
enrique guzman valle,6
esteban campodonico,6
san juan villa,6
carlos arrieta,6
general jose maria cordova,6
santo tomas,6
virgen guadalupe,6
roberto thorndike galup,6
santiago,6
san gabriel,6
ovalo tomas valle,5
hermes,5
general vargas machuca,5
augusto bernardino leguia,5
mateo silva,5
pascual saco oliveros,5
hernan velarde,5
francisco mendez,5
jose choquehuanca,5
ovalo elmer faucett,5
federico recavarren,5
lopez ayala,5
manuel castañeda,5
joaquin torrico,5
9 julio,5
general suarez,5
jose llano zapata,5
luis prado,5
jacinto benavente,5
jose sucre,5
coronel cipriano zegarra,5
jose santiago wagner,5
anton sanchez,5
eloy ureta,5
jose carlos maretegui,5
thomas cochrane,5
teodoro cardenas,5
victor alzamora,5
emilio fernandez,5
luis sanchez cerro,5
diego cordova salinas,5
jesus morales,5
hermilio valdizan,5
angel,5
pedro coronado,5
manuel almenara,5
mariano necochea,5
astete,5
hermilio valdizan medrano,5
juan hoyle palacios,5
baltazar grados,5
federico villareal,5
alipio ponce vasquez,5
julio calero,5
pedro delgado,5
ramon ribeyro,5
jose diez canseco,5
mariscal caceres,5
batalla san juan,5
fortunato quezada,5
general manuel l. vivanco,5
juan tello,5
luis braile,5
fray angelico,5
jose lopez pazos,5
joaquin bernal,5
manuel quimper,5
toribio rodriguez,5
adolfo king,5
pedro ruiz,5
renan elias olivera,5
san salvador,5
israel,5
san bartolome,5
manuel pazos,5
teniente enrique palacios,5
carlos baca flor,5
coronel placencia,5
huascar marcelo,5
felipe pinglo alva,5
manuel montero rosas,5
miguel echenique,5
fernando wiesse,5
octavio espinoza,5
guillermo prescott,5
juan castro,5
tomas farfan,5
auxiliar isabel chimpu ocllo,5
ricardo angulo,5
jorge guillermo legula,5
san ramon,5
natalio sanchez,5
virgen rosario,5
carlos mariategui,5
alcides vigo hurtado,5
ricardo rosell,5
luis montero,5
juan castilla,5
arturo suarez,5
dean valdivia,5
arenales,5
victor reynel,5
virrey toledo,5
general cesar canevaro,5
genaro numa llona,5
coronel agustin gamarra,5
monte carmelo,5
luis aldana,5
manuel belgrano,5
juan pablo fernandini,5
saul cantoral,5
adolfo viera,5
manuel casos,5
carlos concha,5
arquitecto roberto hackert,5
manuel bañon,5
federico barreto,5
dionisio derteano,5
carlos augusto salaverry,5
federico noguera,5
paul linder lob,4
mariscal luzuriaga,4
luis velasquez,4
matier,4
san jeronimo,4
san luis gonzaga,4
manuel odria,4
carlos german amezaga,4
jose gabriel chariarse,4
san juan masias,4
jose rufino echenique,4
mariano jurado reyes,4
juan sifuentes,4
emilio rios,4
puerto inca,4
simon ortiz vega,4
via expresa grau,4
manuel salcedo,4
antonio cabo,4
aurelio garcia garcia,4
gualberto guevara,4
jose torres paz,4
johan strauss,4
capitan alfredo novoa cava,4
prado,4
jorge vinatea reinoso,4
ismael bielich flores,4
daniel a. carrion,4
jose paez,4
juan montoya,4
nuevo israel,4
san roman,4
reynaldo saavedra pinon,4
san pedro lucanas,4
jose leon barandiaran,4
belisario sosa pelaez,4
daniel alomia robles,4
cruz sur,4
julio bailetti,4
felipe oliva,4
carlos heros,4
inca pachacutec,4
fernando mesarina,4
isidro alcibar,4
jose santos atahualpa,4
manuel valle,4
juan jose paso,4
carlos valderrama,4
fray padre urraca,4
jose maria seguin,4
galileo galilei,4
anselmo andia,4
refugio,4
san roberto,4
hector arellano,4
manuel candamo,4
joaquin madrid,4
cristobal peralta norte,4
general canterac,4
coronel luna peralta,4
pedro candia,4
felipe mendizabal,4
manuel gomez,4
luis escobar aburto,4
victor castro iglesias,4
edgardo rebagliati,4
manuel arias,4
daniel velez,4
cristobal peralta sur,4
manco cahuide,4
mariscal r. benavides,4
nicolàs rodrigo,4
matias maestro,4
don felipe,4
viaducto manco capac,4
san genaro,4
leon velarde,4
alfredo galeon,4
coronel luis arias schreiber,4
manuel velarde,4
martin olaya,4
ismael escobar,4
rodolfo campo,4
ramon espinoza,4
jose paredes roncal,4
teniente tomas garrido,4
alferez alfredo salazar,4
3 julio,4
dario valdizan,4
santo toribio mogrobejo,4
camilo carrillo,4
cieza leon,4
coronel reynaldo vivanco,4
pablo arguedas,4
thomas edison,4
domingo cueto,4
pedro villalobos,4
simon noguera,4
santiago apostol,4
tomas catari,4
general mendiburu,4
juan fuente,4
saez peña,4
dante,4
maximiliano carranza,4
daniel carrion,4
teofilo castillo,4
cruz alpes,4
valentin espejo,4
braulio sancho davila,4
enrique barreda,4
jimenez agustin,4
claudio galeno,4
copernico,4
comandante juan g moore,4
francisco moreno,4
miguel seminario,4
manuel tovar,4
caceres,4
colonel f. bolognesi,4
jose dionisio anchorena,4
victor maurtua,4
alfredo salazar,4
juan aliaga,4
jose mateo garcia pumacahua,4
tiburcio rios,4
felipe pardo aliaga,4
franklin roosevelt,4
ruben dario,4
casimiro ulloa,4
diego quispe tito,4
22 julio,4
alberto secada,4
martin dulanto,4
jose gabriel aguilar segura,4
juan arona,4
jose domingo choquehuanca,4
santiago rodriguez,4
carlos cueto fernandini,4
coronel andres reyes,4
blasco nuñez vela,4
jose toribio polo,4
joaquin capelo,4
francisco orellana,4
virrey amat,4
juan peña,4
maximo velando,4
juan soto bermeo,4
mariano soto,4
manuel bonilla,4
inca garcilazo vega,4
francisco graña,4
maximo alvarado,4
pedro tejada,4
jose carmen verastegui,4
san gerardo,4
jose bernardo tagle,4
felix dibos,4
victor belaunde,4
santiago crespo,4
luis felipe casas,4
francisco aldao,4
alexander fleming,4
26 julio,4
isidro suarez,4
manuel polo jimenez,4
gregorio escobedo,4
andres ponce palacios,4
domingo casanova,4
eden,4
albino herrera,4
manuel fuente chavez,4
comandante pedro gutierrez,4
manuel wagner,4
benjamin franklin,4
federico fernandini,4
augusto salazar bondy,4
juan bielovucic cavalier,4
nicanor roca vergallo,4
franz schubert,4
eduardo dibos,4
bethoven,4
carlos bondy,4
san eugenio,4
jose antonio sucre,4
guillermo protzel,3
modigliani,3
juan santos atahualpa,3
rosendo leder,3
augusto aguirre soto,3
juan guerra,3
mariscal jose antonio sucre,3
jose maria vilchez,3
billinghurst,3
valdemar moser,3
jorge buckley,3
ignacio seminario,3
aurelio fernandez concha,3
melchor frisancho,3
francisco cornejo,3
ignacio,3
manuel medrano,3
esteban tuerten,3
padre francisco maria aramburu,3
eusebio galvez,3
juan davalos,3
buenaventura aguirre,3
juan velasco,3
san camilo,3
clemente palma,3
constantino bayle,3
mark twain,3
domingo sarmiento,3
julio bellido,3
cesar rodriguez,3
manuel vargas,3
jose a. lavalle,3
buenaventura rey,3
rosario norte,3
federico ugarte,3
felipe sassone,3
sipan,3
simon salguero,3
julio aguirre,3
felipe arias,3
padre sobreviela,3
san francisco solano,3
jose cossio,3
abelardo gamarra,3
san bernardo,3
enrique salazar barreto,3
octavio paz,3
oscar benavides (auxiliar),3
nicolas alcazar,3
eloy espinoza s.,3
michael fort,3
ignacio mariategui,3
felipe santiago salaverry,3
j. nepeña,3
faustino silva,3
celestino avila godoy,3
giuseppe verdi,3
juan ochoa,3
du petit thouars,3
san ambrosio,3
san diego a.,3
yupanqui,3
esteban salmon,3
nicola paganini,3
vicente morales duarez,3
ciclovia pedro miotta,3
capac llauto,3
auxiliar nicolas arriola,3
nicolas copernico,3
ayar manco,3
juan orus,3
jose manuel ubalde,3
hernando soto,3
jose antonio morales,3
tito conde mayta,3
contralmirante mariategui,3
santo eugenio,3
jose orengo,3
luis heysen,3
mariano baldarrago,3
pedro chamochumbe,3
kennedy,3
manuel portocarrero,3
fernando castrat,3
trinidad ceus,3
san joaquin,3
francisco moreyra riglos,3
carlos mellet vargas,3
san clemente,3
alberto samane davila,3
fray ramon rojas,3
juan parra riego,3
inte guillermo santana,3
juan mendizabal,3
manuel amat juniet,3
comandante fanning,3
general luis puerta,3
inca yupanqui,3
anibal diaz,3
emilio grec,3
oscar barrenechea,3
alfredo maldonado,3
claudio rebagliati,3
teniente diego ferre,3
luis galvani,3
johan sebastian bach,3
enrique arnaez,3
coronel victor maldonado begazo,3
marcelino castro gamboa,3
san geronimo,3
jose leguia melendez,3
don diego noche,3
luis dextre echaiz,3
juan antonio arrieta,3
general belgrano,3
julio rodriguez,3
francisco bejarano,3
edilberto ramos,3
callejon alejandro granda,3
cipriano rivas,3
villar,3
andres guzman,3
nicanor hernadez,3
lopez albujar,3
torre tagle,3
lopez solis,3
jose antonio lavalle,3
alberto ulloa,3
vittore carpaccio,3
alvarez calderon,3
elena fray pastor,3
j. sucre,3
eduardo ordoñez,3
manuel pardo,3
justo pastor davila,3
daniel portocarrero,3
juan benites,3
miguel unamuno,3
demetrio neyra,3
rafael caceres,3
isaac albeniz,3
caminos inca izquierda,3
hernan cortez,3
francisco cadenillas,3
federico gallese,3
alonso riquelme,3
cezzane,3
juan jose,3
fermin tanguis,3
pedro valle medina,3
pedro donofrio,3
carlos dellepiani,3
alfredo villa calderon,3
lizardo alzamora,3
francisco forcelledo,3
ricardo bentin,3
paseo bilinghurst,3
leonardo da vinci,3
miguel cervantes,3
picasso,3
nicanor cipriano rivas,3
manuel fuentes,3
elmer faucett (auxiliar),3
don bosco,3
manuel mesones muro,3
san aurelio,3
salida miguel grau,3
antonio alarcon,3
manuel elias bonnemaison,3
hector garcia ribeyro,3
juan gris,3
don augusto,3
cesar figueroa toledo,3
pedro conde,3
leon pinelo,3
tomas ramsey,3
nicolas poussin,3
manuel s. ugarte moscoso,3
cipriano nicanor rivas,3
salida javier prado,3
bronzino,3
28 julio (enrique meiggs),3
bernardo monteagudo,3
manuel seoane,3
rey mar,3
mariscal santiago salaverry,3
juan dios arteaga,3
carlos moore,3
luis m. sanchez cerro,3
mariano angulo,3
coronel pedro portillo,3
augusto durand,3
sargento antonio lishner,3
jorge dintilhac,3
francisco castillo,3
juan dellepiani,3
alberto campo,3
jose carmen saco,3
general jose granda,3
coronel buendia,3
general garcia garcia,3
luis pasteur,3
manuel telleria vicuna,3
pietro mascagni,3
jaime zubieta calderon,3
gaspar hernadez,3
mariscal oscar raul benavides,3
juan rivero,3
coronel odriozola,3
carlos soberon,3
alejandro villanueva,3
jose coronado,3
nicanor asin,3
juan francisco rivas,3
fermin santana aguirre,3
armando blondet,3
julio delgado neyra,3
molinos san miguel,3
jose antonio,3
juan alfaro,3
jose meliton rodriguez,3
carlos i,3
basilio ramirez peña,3
pascual andagoya,3
san bruno colonia,3
carlos bustamante,3
jose maria raygada,3
brigadier mateo pumacahua,3
roque saenz peña,3
jose salas,3
carlos ii,3
mar grau,3
enrique granados,3
giovanni lorenzo bernini,3
luis giribaldi,3
albert einstein,3
teniente razuri,3
genaro castro iglesias,3
carlos zavala,3
gran mariscal ramon castilla,3
rodolfo beltran,3
john f. kennedy,3
san diego,3
san augustin,3
santo toribio mogrovejo,3
general arenales,3
emilio althaus,3
elias chunga zapata,3
hernando luque,3
antonio portugal,3
san isidro - barranco run,3
alberto rojas,3
general simon bolivar,3
ramiro merino,3
manuel torre,3
belisario flores,3
san simon,3
santigao a mayolo,3
juan fuentes,3
rodolfo rutte,3
ignacio prado,3
gabriel bejar,3
cesareo chacaltana,3
paseo prado,3
san pedro choque,3
eduardo harbich,3
alfredo leon,3
san vicente paul,3
jose felix olcay,3
franciso bolognesi,3
miguel valcarcel,3
jorge muelle,3
ricardo treneman,3
andres vesalio,3
teniente pedro garezon,3
alemante jorge martin guise,3
lenin,3
san lazaro,3
san cipriano,3
comandante torres paz,3
enrique quintana,3
alberto jochamowitz,3
j. santos chocano,3
americo vespucio,3
san judas,3
pedro huilca,3
emilio castelar,3
luis felipe casas grieve,3
alejandro peralta,3
damaso i,3
german carrasco,2
rembrandt,2
enrique chocano,2
juan chavez tueros,2
juan manuel mar bernedo,2
viña picasso,2
fulgencio valdez,2
jose julio morales,2
lorenzo astrana,2
farabundo martin,2
san marcelo,2
rodolfo espinar,2
agustin jauregui,2
manuel beingolea,2
francisco vidal laos,2
manuel herrera pomareda,2
jose maria corbacho,2
pedro ii,2
san albino,2
juan guillermo moore,2
artillero julio felipe,2
hector marisca,2
pedro bocanegra,2
sergio caller,2
blas cerdena,2
juan manuel barrera,2
cesar bazalar montes,2
ignacio alvarez thomas,2
felipe yofre,2
javier o. valdia manrique,2
arturo armero,2
isaac recavarren,2
martin adan,2
santos chocano,2
manuel prado ugarte,2
inmaculada concepcion,2
monseñor jorge dintilhac,2
santiago compostela,2
reynaldo vivanco,2
b. san nicolas,2
mariano valdarrago,2
a nicolas ayllon,2
bartolome ferreyros,2
juan buendia,2
martin murua,2
luis banchero rossi,2
carlos gonzalez,2
edgardo tello,2
juan enrique valladares,2
coronel francisco bolognesi,2
posada marques,2
peña rivera,2
francisco garcia calderon,2
ismael pagador,2
abraham ballenas,2
6 julio,2
marcelino torres,2
j. arias araguez,2
manuel jaramillo,2
agustin antonete,2
manuel cuadros,2
filiberto romero,2
manuel cisneros,2
san jose olleros,2
isaac newton,2
galileo,2
manuel toribio ureta,2
andres abelino caceres,2
tomas guzman,2
adolfo martinez,2
san gonzalo,2
teniente cesar lopez rojas,2
luis arevalos,2
chimu capac,2
manuel garcia,2
bernardino rivadavia,2
fray francisco bejarano,2
maximiliano velarde,2
angel arata,2
manuel vidaurre,2
teniente carlos jimenez chavez,2
feliciano vega,2
miguel cervantes saavedra,2
fidel olivos escudero,2
general valdez,2
luis chiappe,2
pedro pizarro,2
enrique nerini,2
pablo patron,2
arturo garcia,2
juan pauli,2
miro quezada,2
luis godin,2
francisco leo quiroz,2
juan balcarza,2
juanb pablo a.h.,2
monseñor luis lituna,2
huamampoma ayala,2
enrique fermi,2
magno hernandez,2
juan moore,2
maria jose arce,2
hermanos catari,2
alberto arca parro,2
javier perez cuellar,2
conde villar don pardo,2
jose parodi,2
apostol santiago,2
mariana echevarria santiago,2
capitan manuel ferreyros,2
german amezaga,2
gonzalo pizarro,2
julio esteban,2
jesus fajardo,2
roger vidal,2
jesus paez,2
marcos palomino,2
mariano carranza,2
larrabure unanue,2
pablo bermudez,2
gregorio paredes,2
jose mariano arce,2
general francisco moreyra riglos,2
ernesto malinowski,2
juan antonio ribeyro,2
manuel nicolas corpancho,2
general maximo abril,2
pedro arbues,2
toribio ara,2
daniel alomias robles,2
almirante guisse,2
domingo millan,2
zoila caceres,2
luis cuba,2
manuel raygada,2
lino alarco,2
arturo ruiz,2
jose maria morelos,2
angel valenzuela,2
general artigas,2
jose flores,2
trinidad enriquez,2
virrey abascal,2
david matto,2
mateo aguilar,2
ernesto avila,2
corazon jesus,2
capitan ruiz diaz,2
juan roberto acevedo,2
teniente cesar rodriguez,2
bernardo cruz,2
mariscal mariano necochea,2
javier tomas vidal,2
juan valer sandoval,2
willian king,2
diego medina,2
martin oviedo,2
fray agustin zarate,2
alejo bezada,2
san rodolfo,2
pedro garay,2
ricardo herrera,2
galdos,2
miguel landa,2
alonso palomino,2
juan fumagalli,2
luis fumagalli,2
oscar arnulfo romero,2
san matias,2
gabriel ortega,2
antonio portugal prieto,2
javier heraud (calle 2),2
julio diaz diaz,2
miguel goyoneche gamio,2
pedro torres malarin,2
carlos martinez pinillos,2
jose quiñones gonzales,2
leonardo alvariño,2
santa mariana jesus,2
f. bolognesi,2
padre izaguirre,2
pedro ruiz gallo (calle 1),2
juan olaechea arnao,2
padre alonso abad,2
domingo astete moscoso,2
francisco herrera,2
cesar augusto velez,2
manuel pimentel jimenez,2
condestable jose celendon,2
mariscal toribio luziriaga,2
jose remy barua,2
san elias,2
manuel a. odria,2
mariscal toribio luzuriaga,2
mateo vera,2
augusto gonzales olaechea,2
ernesto gianoli,2
figueredo,2
antonio machado,2
andres caceres,2
san patricio,2
juan luis gonzaga,2
carmen alto,2
justo arias araguez,2
jose manuel quiroz,2
francisco wuambo,2
santo tomas aquino,2
gregorio vii,2
coronel marin,2
calderon barca,2
felipe pardo,2
inca ollantay,2
raul villaran pasquel,2
rosa silvestre,2
agustin lange,2
coronel manuel cano,2
pierre constantino,2
alfonso cobian,2
pedro solari,2
enrique rosa,2
enrique delucchi,2
don virgilio,2
antonio garland,2
enrique horme,2
ricardo olmedo,2
comandante aristides aljovin,2
ruben cruz,2
rosendo vidaure,2
adalberto campo,2
san alfonso,2
alejandro dioses,2
manuel orellano,2
teniente coronel g. escudero o.,2
19 julio,2
amaru yupanqui,2
leonidas laserre,2
santiago basurco,2
"comandante ""odonavan""",2
luis uceda,2
juan figari,2
general pershing,2
jorge galvez,2
manuel suarez pinzas,2
villena rey,2
felipe alva alva,2
toribio pacheco,2
manuel a. segura,2
henry revett,2
santa leonor,2
horacio zavallos,2
antonio ugarte,2
felipe zela,2
24 julio,2
eder guacamatos,2
jose baquijano carrillo,2
san federico,2
benedicto jimenez baca,2
republica salvador,2
domingo nieto,2
leopoldo arias,2
bruno terreros,2
bernabe cobos,2
sebastian luna,2
antonio reyes,2
teniente coronel p ruis gallo,2
coronel noriega,2
guillermo geraldino,2
mariano arredondo,2
general murillo,2
alfredo silva,2
giuseppe garibaldi,2
octavio bernal,2
jose maria,2
alejandro frendt,2
jose miguel rios,2
san hermenegildo,2
jose olavide,2
felipe pinglo,2
huaman poma ayala,2
carlos gil,2
francisco retes,2
jorge guillen,2
manuel gonzalez prada,2
emilio sandoval,2
elena pastor,2
fray cipriano calatayud,2
teniente luis reynafarje hurtado,2
ernesto guevara,2
julio morales,2
buenaventura palma parral,2
sergio morocho,2
domingo choquehuanca,2
rafael selaunde,2
m. grau,2
jose m. barrio nuevo,2
camino padre gianfranco iacopi ghilardi,2
octavio cavero,2
francisco asis,2
jose francisco arana,2
comandante montero rosas,2
enrique nereni,2
antonio guerra,2
jose manuel pereyra,2
raul rebagliatti,2
miguel carcamo,2
manuel arrisueño,2
miguel checa,2
manuel mendez,2
antonio pardo,2
oswaldo hercelles,2
capitan manuel boza,2
julian arce,2
carlos tenaud,2
carlos a. salaverry,2
jorge colque,2
jose francisco,2
diego almagro,2
juan manuel polar,2
arturo duray,2
miguel soto valle,2
justo amadeo vigil,2
juan torres higueras,2
carlos cabrera,2
pedro bertonelli,2
jorge,2
fernando lopez aldana,2
jose rivadeneyra,2
carpenter,2
jose payet,2
fernando aragon,2
borges,2
frederic remington,2
jesus vera fernandez,2
jorge castro harrinson,2
ciclovia joaquin madrid,2
manuel pezet,2
capitan jose quiñones,2
baltazar valle,2
miguel baca rossi,2
manuel guirior,2
gregorio marañon,2
domingo espinar,2
nicolas heres,2
philipp von leonard,2
nicolas arnes,2
diego cristobal,2
andres luna,2
leon fuente,2
alberto yabar,2
luis ezaine,2
adolfo jacobo quetelet,2
diego ferrer,2
camilo blas,2
francisco valle riestra,2
fray calixto,2
barton,2
vicente morales,2
angel morales,2
san hilarion,2
jose santos figueroa,2
claude monteverdi,2
toribio luziriaga,2
francisco paula quiroz,2
manuel aranguri,2
emilio harth terre,2
zoila aurora caceres,2
andres castelo,2
general odria,2
almirante lord nelson,2
augusto bolognesi,2
jose neyra,2
gerardo dianderas,2
ricardo grau,2
samuel velarde,2
joze pezet monel,2
san pedro nolasco,2
manuel pozo,2
abascal,2
mariscal william miller,2
jose pezet monet,2
felix valle,2
almirante manuel villavicencio,2
diderot,2
rodin,2
amador merino reyna,2
sebastian telleria,2
jorge marshal,2
john kennedy,2
carlos porras osores,2
crepi,2
juan alarcon,2
jose medina,2
juan rada,2
31 julio,2
erminio hernandez,2
general felipe santiago salaverry,2
cipriano ruiz,2
manuel gonzalez olaechea,2
capitan ep. eduardo m. gutierrez rondon,2
manuel augusto olaechea,2
juan solorzano,2
carlos alayzay roel,2
guillermo peratta,2
juan antonio pezet,2
comandante gustavo jimenez,2
david roca varea sur,2
vallejo,2
manuel gonzalez rosa,2
pedro salazar,2
catalino miranda,2
pedro heraud,2
luis deucker lavalle,2
fray diego barranco,2
robert kennedy,2
george simon ohm,2
alessandro volta,2
charles sutton,2
pirandello,2
contralmirante pedro garezon thomas,2
francisco inga,2
tiziano muñoz,2
eloy reategui aguilar,2
juvenal villaverde,2
luis e. valcarcel,2
zola,2
pedro a. labarthe,2
manuel lara,2
bartolome casas,2
murguia aurelio,2
pedro helmes,2
manuel freyre santander,2
augusto angulo,2
luis sanches cerro,2
eduardo h. torrede villanorte,2
jose maria arquedas,2
milagro jesus,2
luis espejo,2
pablo vasquez,2
eduardo barnard m.,2
mariano pacheco,2
constantino carvallo,2
ricardo tizon bueno,2
inca tupac yupanqui,2
manuel pino,2
ludwig van beethoven,2
daudet,2
eduardo young bazo,2
teodoro cron,2
meliton rodriguez,2
isabel i,2
miguel angel buonarroti,2
jeronimo aliaga sur,2
martin paz,2
santa teresita niño jesus,2
carlos viana,2
alejandro dumas,2
benito juarez,2
augusto wiese,2
santigo antunez mayolo,2
cabo nicolas gutarra,2
mariano rivero ustariz,2
virrey conde lemos,2
manuel sanchez cerro,2
enrique campo,2
jose sannoni,2
marcelino varela,2
ciclovia bartolome herrera,2
francisco alayza paz soldan,2
horacio cachay diaz,2
carlos krundieck,2
benjamin quiroga,2
domingo ponte,2
alfredo villa,2
santa tersita niño jesus,2
jaime garza,2
jorge barbieri,2
alejandro bussalleu,2
oscar chocano,2
francisco miranda,2
coronel portillo,2
jose nicolas rodrigo,2
hipolito unanije,2
luna enrique,2
parraga clemente,2
lizandro montero,2
goya,2
general mariano necochea,2
luis gribaldi,2
botiger,2
manuel ramirez,2
buenaventura,2
20 julio,2
mauricio casatti,2
daniel garces,2
general belisario suarez,2
manuel clavero,2
enrique valladares,2
antonio ochoa,2
rosario solar,2
albino torres,2
tiepolo,2
pedro sanchez,2
diego agüero,2
coronel portello,2
marco,2
manco ii,2
julio conciglieri,2
crane,2
camino inca derecha,2
monte cruz,2
jose martin mendoza,2
27 julio,2
mariscal jose mar,2
maximo abril,2
greco,2
willy reto,2
bartolome ruiz,2
san esteban,2
puccini,2
amadeo mozart,2
franz liszt,2
johanes brahams,2
alvarez villar,2
luis paredes orue,2
andres segovia,2
romulo lezama,2
isidro vergara,2
holbein,2
jose soto,2
hernando valle,2
antonio zela,2
isabel flores oliva,2
san antonio padua,2
san ernesto,2
lucio galarza,2
santa isabel flores oliva,2
fap. jorge chamot biggs,2
j. flores,2
felix gavilan,2
vasari,2
jose penza ventocilla,2
domingo presa,2
pablo chavez,2
jorge broggi,2
tiziano,2
luis dulanto,2
ucello,2
oscar miroquesada,2
ramon rodriguez,2
morisot,2
mariscal antonio jose sucre,2
marques cañete,2
teodoro botetano,2
francisco tudela,2
dominico morelli,2
thomas alva edison,2
inca urco,2
santa cruz pachacutec,2
marcos nicolini,2
monte pio,2
francisco vallejo,2
juan xxiii,2
buena ventura rey,2
jesus maria,2
carlos raygada,2
juan bardelli,2
jose morales,2
ernesto plascencia,2
rene,2
capac sihuas,2
mariano campos,2
ventura garcia calderon,2
jorge diaz,2
rafael,2
juan puga,2
manuel zalaya,2
stravinsky,2
villa reyes,2
jacobo,2
daniel timoran,2
alberto hidalgo,2
mariscal sucre,2
jorge vanderghen,2
almirante lord cochrane,2
eduardo correa,2
felipe valle riestra,2
ravel,2
eduardo lizarzaburo,2
bernstein,2
esteban briceño,2
mariano ignacio prado,2
victor moron,2
abraham,2
antonio olivera,2
emilie zola,2
hadraza,2
salvador dali,2
fernando tola,2
bernardino romero,2
tupac inca yupanqui,2
carlos monge,2
cmdte. fap. guillermo brennert,2
alcides carrion,2
alexander von humbolt,2
toribio seminario,2
manuel zelaya,2
jose samanez ocampo,2
jose higinio,2
manuel barreto,2
alberto arco parro,2
coronel lorenzo iglesias pino,2
francisco paula ugarriza,2
martin aranguri,2
andres avelino cacees,2
adolfo rivera,2
enrique oppenheimer,2
gregorio miranda,2
cosme bueno,2
ventura huaman,1
juan almoguera,1
frey ramon rojas,1
alfonso bernal montoya,1
general jose antonio pezet,1
marcelo,1
constantino caceres,1
"ricardo ""odonovan""",1
gabriel abuliar,1
armando villanueva,1
alberto reyes,1
jose vizcardo guzman,1
joaquin inclan,1
juan moscoso,1
natividad,1
toribio rodriguez m.,1
jose izcue,1
san roman miguel,1
pedro pascual farfan,1
jesus taupo,1
santiago chumbe,1
victor jara,1
pedro labarthe,1
juan segovia,1
manuel mattos,1
jose m. areguedas,1
teniente jose a. lopez,1
andres medina,1
jose ubalde,1
juan m. irribarren,1
honorato delgado,1
pablo saco oliveros,1
jorge carrozi,1
ramon,1
yoque yupanqui,1
maximo belondo,1
javier ventura,1
manuel ascensio cuadros,1
remigio huertas,1
leoncio coronado,1
juan ayllon,1
santiago arias,1
vicente panizo,1
jose santos atahuaipa,1
gino rafo,1
manuel quiroz haro,1
manuel quiroz h.,1
manuel ubalde,1
jose pezet,1
teodoro carrido,1
angel quispe,1
teniente leopoldo meza,1
j. rivero,1
juan bolivar,1
carlos lisson,1
general gamboa,1
teniente david leon,1
jose torres ugarte,1
cecilia tupac amaru,1
fermin castillo arrese,1
abel callirgos,1
leopoldo lazo,1
san gervacio,1
san gualberto,1
daniel alcides carrionj,1
fray martin,1
gustavo adolfo becquer,1
jose heraud,1
francisco seguin,1
san ceferino,1
manuel galindo,1
n. lopez,1
jose rodriguez,1
juan a valencia,1
inocencio,1
manuel trurner,1
guillermo lobaton,1
juan espinoza medrano,1
carlos salaverry,1
juan g. rosse,1
san juan bosco,1
juan manuel perez tudela,1
enrique anaya quintana,1
julio rodavero,1
pedro gonzales,1
juan ruiz,1
juan regal,1
ramon jurado,1
tomas sanchez,1
manuel rodriguez,1
francisco moncloa,1
camilo dongo,1
amador garcia,1
eduardo pinella,1
jorge sedano,1
felix mafferetti,1
nicolas calderon,1
jupiter concepcion,1
salvador carmona,1
capitan augusto guterrez,1
leon dormido,1
rene descartes,1
santa raquel,1
general tomas castillo,1
felipe galvez,1
coronel colmenares,1
damaso leon,1
manuel a odria,1
dario bernardo,1
pablo boner,1
alberto leon,1
manuel pozzi,1
luis macagno,1
presidente lopez romaña,1
julio guardion,1
alberto fujimori,1
teniente clavero,1
jose maria urateche,1
urbannizacion banco javier prado,1
luis garcia,1
leon saragoza,1
wilson cisneros,1
capitan efrain flores,1
emilio jara,1
isaias,1
nestor escudero,1
cesar altamirano,1
mario cavagnaro,1
nicomendes santa cruz,1
lucha reyes,1
alejandro ferreyros,1
jose a. sucre,1
luis bravo arevalos,1
carlos arenas loayza,1
romulo assereto gargurevich,1
fernando wiland,1
ernesto delgado g.,1
jose quiñonez,1
jose zela,1
aurelio velentin,1
manuel raigada,1
capitan esvardo gutierrez,1
jose olaya.,1
reynaldo encalada,1
martin dioses,1
santa cruz tenerife,1
jose ingenieros,1
paz leon,1
tomas farfan farfan,1
ignacio garreton bravo,1
manuel alarcon valverde,1
g. peña,1
william leon paz,1
gino peña escudero,1
paseo reyes,1
rio jordan,1
leon,1
manuel ruiz espejo,1
alberto fujimon,1
manuel mejia,1
rio san francisco,1
pachacutec izquierda,1
ovalo mariscal caceres,1
rafael ponce gonzales,1
andŕes avelino caceres,1
alonzo albarado,1
m. calderon,1
vasco da gama,1
rafael hurtado,1
rodrigo triana,1
emmanuel,1
alberto ureta,1
francisco catolico,1
martin pinzon,1
eduardo f.,1
jose l.g.,1
carlos alegria,1
lopez vega,1
ramon valle i.,1
"v, andres belaunde",1
nicolas d.,1
rene cubas,1
manuel piñeda,1
orlando silva,1
auxilia javier prado,1
jose alaya,1
fernando bonilla,1
santiago arana,1
sebastian salazar bondy,1
cesar miro,1
felix pasache,1
ignacio flores,1
justiniano minaya sosa,1
flor leon,1
almirante miguel grau seminario,1
jose fianzon,1
juan manuel ugarteche,1
juan razuri,1
francisco garcia,1
clemente torres,1
teniente coronel ramon zavala,1
san roger,1
emilio solar,1
felipe ii,1
armando blondell,1
amadeo,1
san laureano,1
isabel ii,1
juana isabel,1
emiliano tenorio gadea,1
manuel iberico,1
rio santiago,1
venancio avila,1
inca atahualpa,1
bernardino salguero,1
ezequiel otoya,1
jose sanchez orellana,1
concepcion,1
general razuri,1
antonio soria,1
huayana capac,1
san antonio p.,1
general marecelino varela,1
yahuar fiesta,1
lord thomas cochrane,1
teniente tomas g.,1
ricardo mendoza,1
rosendo maqui,1
san justo,1
pedro almendaris,1
jacinto lara,1
san antonio cachi,1
san cesar,1
teodoro garrido,1
camilo torres,1
luis mendivil,1
fernando vi,1
felipe i,1
nelson meneses,1
aquiles,1
jose astaria,1
comandante juan f.,1
humberto speziani,1
juan salcedo,1
edmundo zapatel,1
jose rivero,1
carlos iii,1
felipe iii,1
manuel ugarte,1
jose felix iguain,1
luis cavero,1
octavio infante,1
domingo valle riestra,1
juan manuel,1
jorge lizarbe,1
juan pablo,1
pachacutec derecho,1
facundo pizarro,1
alberto sabogal,1
milton jimenez,1
enrique montes,1
juan mauel moscoso,1
eduardo marquez,1
coronel miguel zamora,1
gervacio santillana,1
miguel untive,1
"general ""odonovan""",1
meliton carvajal,1
juan espejo tamayo,1
mariano moreno,1
"francisco b. ""oconnor""",1
joaquin ynclan,1
quinta santa isabel,1
luis miro quesada guerra,1
allegro cruz,1
john bepett,1
daniel woll,1
abel galindez,1
coronel emilio althaus,1
toribio zavala,1
pedro peralta,1
eduardo garcia calderon,1
carlos condamine,1
julio mini rivas,1
eduardo terry,1
aristides carpio muñoz,1
manuel ramirez sica,1
benito lazo,1
jose mendiburu bonet,1
pedro bermudez,1
adolfo jacobo,1
santiago martinez cornejo,1
villa angel,1
jose vera,1
manuel suarez,1
jose salazar,1
entrada general,1
san pedro garagay,1
andres torres paz,1
leonidas anglas,1
enrique caballero,1
augusto gutierrez,1
domingo ayarza,1
eduardo lopez r.,1
eduardo isajan,1
victoriano castillo,1
hermes mendoza,1
san joaquin inclan,1
leonardo ortiz salcedo,1
miguiel iglesias,1
alvares thomas,1
henry arredondo,1
fortunato herrera,1
federico basadre,1
jose mantilla,1
ernesto mejia,1
tomas flores,1
edmundo piny,1
carlos dellepiane,1
nicanor garcia lastres,1
julio villareal,1
jose fianson,1
teofilo espejo n.,1
atanacio catojeras,1
enrique berghusen,1
tiziano muños,1
emeterio perez,1
carlos basadre,1
luis cisneros,1
mariano varella,1
alfonso pinzon,1
jhon dunnet,1
samuel varnish,1
benito perez galdoz,1
eduardo giraldo,1
victor navarro,1
pedro remy,1
juan bautista lavalle,1
isabel iii,1
misionero abad,1
manuel serna,1
enrique petral,1
jorge rodriguez arteaga,1
antonio ulloa,1
federico sotomayor,1
antonio elizaide,1
juan picher,1
ezequiel ossio peñaranda,1
buenaventura sepulveda,1
antonio elizalde,1
general buendia,1
juan tobias meyer,1
alberto abenel,1
eduardo salgado,1
coronel enrique montes,1
victorino laynez,1
renato descarte,1
enrique meigss,1
manuel prudan,1
martir jose olaya,1
enrique sosa pelaez,1
pedro pablo martinez,1
general san roman,1
jose armellini,1
almirante guise,1
jacobo maxwell,1
german stiglich,1
alberto gamarra mallma,1
juan gutierrez,1
jesus barbieri,1
renan e. olivera,1
roman cavero,1
contralmirante toribio raygada,1
marco jara schenone,1
victor zevallos,1
raul vera,1
gustavo begazo,1
jose carlos arguedas,1
juan pablo vizcarra guzman,1
david alva,1
gregorio pira,1
carlos malpica,1
padre marieluz,1
alfredo tello salavarria,1
luis negreiros,1
agustin haya,1
u. faustino sanchez carrion,1
carlos ubillus oleman,1
odin,1
niguel grau,1
juan villa,1
emilio barrera,1
constantino caceres bejar,1
federico wenzara,1
francisco pulgar espinoza,1
pablo adolfo,1
salida carlos izaguirre,1
vidal laimito,1
integracion (almirante miguel grau),1
jose abelardo quiñonez,1
san benito,1
roman rivero,1
14 julio,1
francisco ayarza m,1
san antonio umaru,1
general montagne,1
san marino,1
papa clemente,1
daniel nieto,1
achirana inca,1
juan jimenes valdez,1
auxiliar ramiro priale,1
jesus alberto paez,1
urbano cueto,1
manuel arispe,1
otto kieffer,1
miguel capurro,1
gerardo ayarza,1
lino,1
manuel pineda,1
luis alberto sanchez,1
juan aroma,1
angel revoredo,1
manuel capac,1
santos,1
pedro santos,1
ignacio torote,1
lorenzo farfan,1
miguel suricanchi,1
amaru inca,1
buen pastor,1
francisco maldonado,1
sinchi,1
francisco ayarza,1
oscar romero,1
cruz chalpon,1
manco iii,1
jose isidoro bonifaz,1
marco farfan,1
rufino macedo,1
isidro bonifaz,1
andres riqueros,1
rela felipe,1
jose gabriel c.,1
san amadeo garagay,1
san jose crespo,1
frol. javier prado,1
aristides ramirez,1
jorge bravo rueda,1
pedro durand,1
melchor cumpa,1
nestor chocobar,1
victor llona,1
guillermo ramsey,1
oscar molina,1
tomas alva edison,1
alejandro ayarza,1
elias ascuez,1
jose encinas,1
alberto salomon,1
carlos arenas,1
mariano centeno,1
angel maldonado,1
raul porras barnechea,1
san pedro copa,1
narciso,1
jorge bustamante,1
enrique gongora,1
mauro,1
jose maria barreto,1
federico moore,1
felipe cohaila rivera,1
raul toledo,1
francisco ferreyros,1
manuel vega,1
manuel modarra,1
mariano zarate,1
pedro lloc,1
guillermo moore,1
santiago nina cruzado,1
jose sata,1
augustin larrea,1
ismael bueno,1
rafael muñoz,1
federico blume,1
armando filomeno,1
guillermo suarez,1
enrique salgado,1
pedro unanue,1
pedro garezon,1
martin guise,1
teofilo taype,1
ventura,1
jose ezeta,1
felix loyola,1
samuel joya,1
manuel quintana,1
fernando m.,1
manuel a. hurtado,1
jose adolfo bartoli,1
diego torre,1
general lara,1
diego cisneros,1
alberto villanueva gomez,1
jose maria quionga,1
francisco olazabal,1
general miller,1
antonio razuri,1
melchor talamantes,1
jose echenique,1
ramon trelles,1
gregorio medina,1
diego aguilar,1
jose bogui,1
bernardo pumayala,1
francisco gutierrez,1
manuel tafur,1
jose m.rodriguez,1
casimiro figueroa,1
jose a. pratts,1
jose antonio veliz,1
andres alca,1
trinidad moran,1
guillermo,1
carlos romero,1
francisco falcon,1
giordano bruno,1
pedro irigoyen,1
fray durand martel,1
victor laynes,1
v. reynel,1
carlos revolledo,1
luis carranza,1
nicolas rodrigo,1
arturo castillo,1
pedro ureta,1
jose boterin,1
rogelio saldaña,1
luis romero,1
guillermo zuñiga,1
enrique tovar,1
carlos torre,1
victor li carrillo,1
carlos rodrigo,1
pedro chavez rosa,1
manuel angosto,1
luis castro ronceros,1
alferez erasmo rosello cornejo,1
pedro olivera,1
teniente coronel carlos herrera,1
alonso rincon,1
cecilio tagle,1
vicente angulo,1
marical agustin gamarra,1
marcos dongo,1
san manuel,1
san hector,1
san lino,1
luis manco,1
san hernan,1
vicente villar,1
genaro vizcarra,1
francisco rosello,1
vitalino becerra tomas,1
huaman poma,1
pedro labarte,1
jose leoncion angeles,1
cesar rios,1
capitan abelardo quiñoes,1
manuel legarda,1
guillermo barrios,1
justo pastor bravo,1
maximo valenzuela,1
german fuchs,1
jose simon tejada,1
alberto aberd,1
maximo gutierrez,1
victor barriga,1
simon rodriguez,1
teniente arancibia,1
coronel zubiaga,1
mario grados mejia,1
j. manuel corbacho,1
anacleto alarcon,1
jose maria quiroga,1
lorenzo valderrama,1
juan barboza,1
lino cornejo,1
reyes,1
andres townsend ezcurra,1
marcos domgo,1
guillermo miller,1
arturo,1
isaias clivio,1
agusto salazar bondy,1
remigio silva,1
belisario morales gutierrez,1
region grau,1
pascual saco,1
region inca,1
casimiro espejo,1
jose m pagador,1
enrique castilla,1
jose angulo,1
hector garcia riveiro,1
julian alarcon,1
victor criado tejada,1
manuel trelles,1
comandante gustaba jimenez,1
alonzo rincon,1
jose melendez,1
eulogio fernandini,1
juan pablo peregrino,1
juan jimenez valdez,1
celso albinagorta,1
manuel moncloa cobarrubias,1
don oscar,1
ignacio canales,1
carlos larrabure correa,1
gino salochi,1
abraham valdedomar,1
juan dios seijas,1
juan fermel,1
luis lopez,1
jose manuel barreto,1
oscar raul benavides,1
domingo trujillo,1
victorino laynes,1
martin benito alfonso,1
almirante montero,1
luis agurto,1
edmundo moreau,1
juan linares,1
jose sanchez carrion,1
general cotera,1
juan tobillas miller,1
nicolas cubas,1
jose piazzi,1
enrique russell,1
jose matias,1
simon marins,1
juan chacornal,1
san isaias,1
juan v. astete,1
reconda santo domingo,1
milton numason,1
san jose celendon,1
eduardo carbajal,1
marin quimer,1
san felipe s.,1
francisco sarmiento gamboa,1
manuel arevalo,1
emilio garcia rosell,1
acceso a huaca san marcos,1
victor espinoza,1
nicolas camacho,1
san felipe casas,1
angel fernandez quiroz,1
antonio moreno,1
carlos moor,1
mariano benavides,1
alberto grieve,1
manuel tarazona,1
padre andres corzo,1
san orlando,1
manuel rocavero,1
san virgilio,1
emilio lo rios,1
coronel ruperto delfin,1
francisco paula gonzales vigil,1
norberto haro,1
manuel duato,1
juan cajahuaman,1
jose felix bogado,1
manco inka,1
general moran,1
daniel fernadez,1
eduardo castillo,1
juan agnoli,1
francisco izquierdo,1
ricardo alvarado,1
juan valera,1
manuel galvez,1
pedro genaro delgado,1
carlos oraña,1
julio ribeyro,1
nemesio meza,1
jose orbegoso,1
miguel ortiz,1
benigno antesana,1
manuel alanza,1
aristides,1
lorenzo vidaurre,1
fernando noriega calmet,1
manuel apolinario odria,1
cesar augusto veliz,1
alejandro icochea vivanco,1
simon grados,1
ricardo odonovan,1
antonio miroquesada,1
francisco fizarro,1
hernan cortes,1
justo arias aranguez,1
william guzman,1
manuel montenegro,1
victor maldonado,1
leonidas sarre,1
ernesto mora,1
jorge canturias,1
manuel villavicencio,1
thomas esteves,1
francisco solano,1
santiago cardenas,1
carlos gutierrez,1
salida tomas manzano,1
manuel vicente villaran,1
general antonio guerra,1
juan carlos vizcardo guzman,1
carlos lopez aldana,1
juan caceres,1
jose manuel cordova,1
alfonso silva,1
jorge cuba,1
martiniano chavarri,1
julio verne,1
general alvaro obregon,1
augosto salazar bondy,1
pinerolo,1
carlos sanchez malaga,1
enrique horne,1
fernando leon,1
diego quipe tito,1
eusebio bendezu r.,1
anselmo barreto,1
salvador gutierrez,1
padre amelio plasencia,1
jose maria jara ureta,1
jose pozo,1
mario urteaga,1
crnel. tomas gutierrez,1
arturo lecca,1
pedro yirogoyen diez canseco,1
wilson cisneros cabos,1
pedro denegri,1
victor mostro,1
cesar concha,1
clemente x,1
benjamin doig lossio,1
gonzalo martin trujillo,1
eduardo aranibar,1
enrique rolandi z.,1
juan german l.,1
eugenio campodonico,1
joaquin ortega,1
alberto acosta,1
leonardo alvario,1
pedro cordova,1
don diego dia,1
alex barclay,1
jorge chueca,1
manuel aguilar durand,1
jose corzo,1
luis sologuren,1
abelardo murillo,1
ernesto cardenas,1
rey bahamonde,1
arturo aguilar,1
pedro abad galiante,1
ricardo aranda,1
pino silvestre,1
teodoro valcarcel,1
claude bussy,1
francisco goya,1
claude monet,1
peter paul rubens,1
armardo alvardo,1
carmelo,1
godofredo garcia diaz,1
carlos monge medrano,1
señor sipan,1
alfredo rosenblat,1
cabo j. cotrina u.,1
crnel. victor maldonado begazo,1
sargento william arias robles,1
alberto urquiaga,1
gustavo moreau,1
mondrian,1
bach,1
ritter,1
gluck,1
arq. fernando echeandia,1
roque vargas prada,1
paul dukas,1
joaquin valverde,1
pablo usandizaga,1
miguel cerna,1
claude debussy,1
amadeo vives,1
coronel bruno ferrero,1
leonard bernstein,1
botticelli sandro,1
mariano,1
edgar allan poe,1
general fortunato,1
pastor,1
mario florian,1
capitan daniel muñoz,1
rousseau norte,1
jose jimenez borja,1
octavio mena,1
victor velezmoro,1
jorge ezeta,1
enrique oliveros,1
luis graña,1
alberto cuentas,1
jorge salazar,1
pascual quiñones,1
alejandro ortiz,1
bruno moll,1
cmdte. schenome,1
marques guadalcasar,1
fernando faustor,1
cap. agusto gutierrez,1
tnt. raul vera collahuazo,1
sldo yenuri chiaguala cruz,1
my. luis a. garcia rojas,1
tec. victoriano castillo velarde,1
abelardo solis,1
ruben cruz huarcaya,1
cap. miguel alegre rodriguez,1
german a. gomez sanchez,1
embaj. carlos garcia bedoya,1
embajador carlos garcia bedoya,1
german aparicio gomez sanchez,1
julian sandoval,1
victor gonzales olaechea,1
comandante j. roman,1
manuel miota,1
justo figuerola,1
ismael castilla,1
ricardo flores,1
jose bazzochi,1
benito perez galdos,1
luis tapia garcia,1
ing. fernando echeandia,1
arquitecto fernando echeandia,1
ing. enrique martinelli,1
paasje oscar pacheco quevedo,1
alfredo malaga bresani,1
franco alfaro,1
ciclovia san luis,1
lorenzo rokovich,1
luis reynafarge hurtado,1
mayor jose urdanivia,1
pablo bertonelli,1
daniel victor mayaute espinoza,1
juan manuel scorza,1
victor pareja quintanilla,1
coronel jose maria egusquiza,1
manuel jarmillo,1
pedro manyari,1
j. m. arguedas,1
alfredo bambaren,1
san carlos pinar,1
manuel jose villaran,1
ladislao espinar,1
ernesto garcia,1
juan c torrico,1
german amerraza,1
ricardo aicardi,1
gabriel torres,1
miguel muñoz,1
mario pareja b,1
fray junipero,1
george ellery hale,1
pedro zelaya,1
alberto guillen,1
herman melville,1
lino n. mendoza,1
lino n. mendoza bedoya,1
marlais thomas dylan,1
gregorio montes,1
capitan belisario caceres osma,1
francesco menzio,1
coronel jose andres razuri,1
francisco javier luna pizarro,1
julio vega solis,1
jose c. m.,1
sebastian ricci,1
enrique muller,1
san gabino,1
sandro boticelli,1
san francisco cruz,1
juan boscan almogaver,1
general ramon vargas machuca,1
waler rosales leon,1
general fap armando zamudio,1
anton chejov,1
pedro bertoneli,1
toparpa inca,1
francisco reyes,1
capitan manuel t. perez,1
antonio cardenas,1
mariano campo,1
julian arias,1
luis rutte,1
leon tolstoi,1
cap. william guzman e.,1
horacio zeballos,1
elias mendez ibañez,1
vincent van gogh,1
marques mancera,1
alessandro tassoni,1
alfredo icaza,1
antonio oliveira,1
comandante juan valer sandoval,1
lorenzo lozano,1
francisco javier mariategui telleria,1
arturo alcade mongrut,1
esteban,1
juan antonio portugal,1
teneninete pedro rengifo marin,1
george bernard shaw,1
j. morales,1
enrique campos,1
calvino,1
juan bielovucic,1
hector velarde,1
ortega gasset,1
carlyle,1
paderewski,1
emiliano zapata,1
green,1
spencer,1
russel,1
hillman,1
franklin,1
adam smith,1
victor hugo,1
fisher,1
carlos galdos,1
jose navarro,1
jose carranza,1
gustavo yabar,1
cap daniel nieto,1
jose winder,1
emilio velarde,1
raul cohen,1
jose osorio,1
guillermo flor,1
reynaldo moron,1
carlos grillo,1
alberto pea,1
angel brusco,1
jose raguz,1
anibal maurtua,1
javier moreno,1
engels,1
hegel,1
jean francois millet,1
coronel eudocio rabines,1
aurelio souza,1
jose enrique villar,1
maximo g.,1
augusto gildemeister,1
pedro cieza leon,1
ketin vidal herrera,1
nelson guia gonzales,1
williams,1
diego presa,1
cap. enrique oppenheimer,1
manuel tumba ortega,1
carlos cueto f.,1
paul cezanne,1
giacomo leopardi,1
jose gabriel agular,1
jesus crespo,1
antonio bastidas,1
carlos ledgard,1
pedro luis falucci,1
manuel caballero,1
ernesto noriega,1
mariscal santa cruz,1
captitan manuel s. morales,1
nestor bastanero,1
ghiberti,1
da vinci,1
amadeo modigliani,1
courbet,1
roentgen,1
daniel cruz,1
confusio,1
lucas cranach,1
marcelino gonzales,1
guadalupe huare,1
roberto ramirez villar,1
manuel vildoso,1
juan voto bernales,1
patricio ariarte,1
gaspar monge,1
hans oersted,1
alberto barajas,1
antonio canova,1
eduardo bello,1
eduardo martinez rosales,1
oscar aviles,1
jorge grieve madge,1
marina nuñez prado,1
caros neuhaus rizo patron,1
luis dorich torres,1
carmelino,1
julio faldini,1
pedro mena,1
augusto tamayo,1
capitan roldan seminario,1
general fuente,1
manuel marcos salazar,1
juan norberto elespuru,1
juan carpio,1
capitan jara,1
guillermo marconi,1
francisco almenara,1
juan bielovicic,1
almirante martin guisse,1
roman,1
mariscal gregorio heras,1
jose g. cossio,1
juan nolberto elespuru,1
becqier,1
pietro torrigiano,1
paicioli,1
jose gomez,1
luis saenz,1
enrique cipriani,1
jorge valdeavellano,1
jorge isaac,1
padre constancio bollar,1
juan mejia baca,1
carlos acosta,1
fibacci,1
juan luxardo,1
pedro rosa,1
ovalo jose quiñones,1
enrique lembcke,1
victor basul,1
julio cesar raffo,1
carlos portocarrero,1
pedro lopez ayala,1
francisco tudela varela,1
emilio cavenecia,1
tasso,1
portinari,1
frans hals,1
doctor cayetano valmore roncalle,1
german schreiber,1
juan pastor davila,1
ramsey,1
shakespeare,1
goethe,1
cardich,1
wide,1
dante alighieri,1
gorky,1
teniente alberto chabrier,1
teniente paul beaudiez,1
teniente jose romanet,1
ciclovia mariategui,1
john lyon,1
paul juan poblet,1
marques duero,1
ovalo jose galvez,1
explanada villa salvador,1
antonio avalos,1
mayor luis garcia rojas,1
gino cassinelli,1
general jose antonio sucre,1
jose silva,1
ciclovia vallejo,1
1 julio,1
maco capac,1
general hoyos rubio,1
paseo torrigiano,1
suboficial gustavo begazo,1
augusto gutierrez mendoza,1
tecnico victorino castillo velarde,1
suboficial wilson cisneros,1
bc 19 comandante espinar,1
bip 61 narciso colina,1
capitan william guzman espinoza,1
16 julio,1
maximo villegasw,1
juan cardenas,1
callle j,1
carlos alvarez,1
capitan martin dioses torres,1
alberto bueno,1
manuel seonane corrales,1
fernando reusche,1
javier caceres,1
paul poblet lind,1
general jacinto lara,1
leonidas yerovi,1
enrique paillardelle,1
agustin torre gonzalez,1
jose payan,1
jorge polar,1
mariscal blas cerdeña,1
enrique bustamante ballavian,1
francisco eguiguren,1
capitan eduardo gutierrez rondon,1
david samanez,1
general clement,1
manuel gonzales olaechea,1
general muñiz,1
jose matias manzanilla,1
carlos graña elizalde,1
raymundo morales torre,1
juan c. cavero,1
mariscal nieto,1
padre tadeo,1
faustino maldonado,1
general edwin donayre,1
fermin fiscamal,1
alberto medina,1
san pedro san pablo,1
miguel cervantes s.,1
cerro cruz,1
coronel manuel miota,1
san vicentr paul,1
fernando belaunde terry,1
vicialm. manuel ramos montoya,1
agustin chaupis,1
guadulfo silva carbajal,1
carlos ferreyros,1
juan bautista pigalle,1
juan carlos monge,1
tchaicovski,1
clodomiro arredondo muira,1
toscanini,1
rubinstein,1
moreno torroba,1
toselli,1
scarlatti,1
reynolds,1
faure,1
jose orozco,1
manuel falla,1
simmoni,1
rodrigo valverde,1
francisco cuellar,1
jeronimo aliaga norte,1
leo delibes,1
pablo casals,1
daniel olaechea,1
schrader,1
bellman,1
schipper,1
verdi,1
nicolo paganini,1
leon baumann,1
hassinger,1
bosovich,1
saint saenz,1
julian bautista,1
barbieri,1
jacinto guerrero,1
joaquin turina,1
otto muller,1
mendelson,1
pascal,1
genaro gobian,1
san juan miraflores,1
aprile jorge,1
murillo,1
rembrand,1
velasquez,1
rubens,1
conti,1
bellini,1
nicanor arteage,1
claude sahut,1
enrique encimas franco,1
cesar armestar,1
juvenal denegri,1
prieto victorelli,1
juan jose mostajo,1
jorge salazar araoz,1
miguel olave,1
giotto,1
barsato,1
matisse,1
degas,1
bartolome carducci,1
zurbaran,1
tintoretto,1
boccioni,1
georges seurat,1
regoyos,1
derain,1
richard wagner,1
jose alvarez calderon,1
eduardo orrego,1
manuel piqueras,1
enrique seoane,1
preising,1
rosetti,1
veronesse,1
san bruno,1
ricardo rey basadre,1
geronimo aliaga,1
general eugenio garzon,1
juan bertolotto,1
diego aguero,1
gil taboada,1
general dianderas,1
james joule,1
gil espino,1
cacique umachiri,1
jose gregorio paredes,1
jose morales alpaca,1
coronel ernesto ordinzola,1
vivaldi,1
salazar bondi,1
lidio mongilardi,1
luis b. cisneros,1
comandante jimenez,1
pedro davalos,1
tomas guido,1
miguel cervelli,1
miguel arce,1
jean paul sartre,1
coronel e. odriozola,1
j. dellepiani,1
carlos a. ferreyros u.,1
ezequiel muñoz,1
comandante pedro canga,1
mateo alonso,1
bunsen,1
manuel a. fuentes,1
francesco redi,1
joseph thompson,1
correggio,1
van gogh,1
sorolla,1
monet,1
verrochio,1
cavallini,1
antonius van dyck,1
bartolome bermejo,1
dore,1
pietro marchand,1
corot,1
chardin,1
dominguez,1
eduardo ford,1
rousseau,1
maurice utrillo,1
alonso arco,1
francisco ribalta,1
croix,1
milet,1
benton,1
jean louis forain,1
van velde,1
jose maria sert,1
rafael redon,1
toulousse lautrec,1
renoir,1
reni,1
pissano,1
giovanni papini,1
duccio,1
gaddi,1
bernardo tasso,1
manuel garces,1
guadalupe haure,1
lopez,1
gregorio albarrazin,1
victor andres belaunde terry,1
san marcelino,1
victor humareda,1
villa ventura,1
juan vargas machuca,1
vicente espantoso,1
manuel alcedo,1
"coronel ""odonovan""",1
don alfonso,1
oscar pomar,1
armando orozco falla,1
alfonso geiss salvans,1
juan manuel pereira,1
malencon grau,1
san j. libertad,1
ismael portal,1
jose g. chariarse,1
abraham valdel omar,1
r. ventura,1
maximiliano arguedas,1
daniel velez robles,1
j. olaya,1
teniente romero leoua,1
julio maxeleam,1
a. h. general miguel iglesias,1
victor aguirre,1
teniente coronel ayllon,1
teniente coronel medardo,1
coronel casteñon,1
coronel rios,1
alejandro villalobos,1
sebastian leon,1
andres doria,1
leonidas avendano,1
samuel marquez,1
ovalo jose pardo,1
josë bernardo alcedo,1
daniel alcides carrien,1
hugo ricra,1
juan nepomuceno,1
simon garcia,1
felipe alva,1
martin napanga,1
pedro dulanto,1
general iglesias,1
cipriano aguero,1
francisco paula camino,1
vicealmirante carbajal,1
j. fernandez,1
mariano odicio,1
jose faustino sanchez carrion,1
coronel torre,1
aa. hh. javier heraud,1
santa cruz flores,1
cipriano,1
todos santos,1
san isidro labrador,1
mario montes,1
eduardo lapiñe,1
luis,1
niño jesus,1
maria santos zamudio,1
francisco machuca,1
leonidas avendanio,1
juan francisco raffo,1
juan rissi,1
pedro martinto,1
heroes san juan,1
matias martinez,1
antonio haza,1
antonio graña,1
enrique schemel vargas,1
harold crown,1
oscar barrera,1
san agusto,1
micaela grau,1
lizandro c.,1
jose m. vilchez,1
santiago ore,1
juan manuel pereyra,1
jacinto mendoza,1
erick fromm,1
luis villaran,1
carlos a. saco,1
armando cambana,1
felix cristobal cuskechahua,1
flavio manco cuya,1
ciclovia 28 julio,1
benjamin roca muelle,1
adan mejia,1
francisco mazzocchio,1
san lorenzo leca rios,1
manuel escorza,1
pedro corro barrutia,1
martir jose olaya balandra,1
jose carmen,1
mariscal gamarra,1
cruz norte,1
marquez torre tagle,1
san miguel arcangel,1
federico villa real,1
san camilo lelis,1
braulio bondini,1
manuel lecca,1
geronimo balarezo,1
eduardo caceres,1
isla santa cruz,1
puerto salaverry,1
dario torres,1
hector rubio,1
pedro garcia cabrera,1
lizardo,1
coronel cano,1
coronel nestor bermudez,1
carlos richardson,1
demetrio ruiz,1
hipolito melena,1
ricardo trenenman,1
napoleon vidal,1
ismael portal ramon zavala,1
san javier,1
san daniel,1
eduardo gallo,1
francisco trucio,1
jose c. mariategui,1
leoncio guisado,1
jose maria arguedas (andahuaylas),1
coronel jose galvez,1
saturnino castillo,1
don emilio,1
ernesto curril carbonel,1
jose m. coronel,1
enrique parodi,1
joan miro,1
juan dionisio rivera,1
teniente carlos jimenes chavez,1
jorge luis borges,1
luis varela orbegoso,1
julio becerra,1
santos chocano (calle 3),1
carlos gonzales posada,1
pedro chamochumbi aguirre,1
ernesto odriozola,1
juan betanzos,1
camino san miguel,1
fermin diez canseco,1
luis garcia ruiz,1
pedro canga rodriguez,1
pablo ramirez taboada,1
carlos vilaran,1
ricardo pazos varela,1
juan hoyle p.,1
jose inclan,1
carlos loayza,1
anacleto viani,1
alfredo icaza contreras,1
cristobal lozada puga,1
santiago figueredo,1
dean saavedra,1
julian apaza,1
santos atahualpa,1
padre guatemala,1
ines huaylas yupanqui,1
jose liborno,1
eugenio torre,1
ventura callamaqui,1
villar cordova,1
luis miroquesada guerra,1
cristobal mena,1
manrique luna,1
mario valdivia,1
hernando magallanes,1
monseñor fidel tubino,1
cesar lopez rojas,1
juan masias,1
maria rosario araoz,1
mariano aragones,1
general ayala,1
coronel casimiro negron,1
jose m. cortez,1
nicolas barra,1
benito pardo,1
benito parto figueroa,1
julio villegas,1
jose cuauthemoc,1
belisario carrillo,1
edmundo escomel,1
luis escobar,1
miguel rios,1
pedro canepa,1
"ramon zavala, barranca",1
jose antonio roca,1
ciclovia victor malasquez,1
carlos giusti,1
mariscal ureta,1
teniente jimenez,1
coronel valer,1
francisco zelaw,1
almirante,1
cnel. juan valer sandoval,1
capitan raul jimenez,1
jose riva aguiro,1
oscar r benavdes,1
general eloy gaspar ureta,1
mariscal jose sucre,1
almte. andres a. ciaceres,1
mcao. william miller,1
oscar r benavides,1
rosendo badani,1
carlos pareja,1
federico gerdes,1
leon xiii,1
juan xiii,1
pio xi,1
socrates,1
alejandro granda,1
felix,1
bonifacio,1
alejandro i,1
edgar zuñiga medina,1
alberto montellanos,1
jorge vinatea,1
julio rivera,1
victor bielich,1
jose farias rios,1
manuel ugarte chamorro,1
cesar atahualpa rodriguez,1
carlos oquendo amat,1
capitan stiglish alvarez,1
jose celendon condestable,1
juan jose pardo,1
javier abril,1
jose carmen marin,1
dulio poggi,1
h. ferreyra leon,1
blas borsani,1
edison,1
alejandro mango,1
vasco gama,1
julian arias araguez,1
jesus,1
jose e. mora,1
juan viscardo gil,1
carlos leon delgado,1
luis miguel sanchez cerro,1
perpetuo socorro,1
san francisco tamayo,1
carlos pedemonte,1
leonidas serre,1
juan leonardi,1
pablo risso,1
emilio fort,1
angel descalzi,1
yahuar huanca,1
felipe bargna,1
manuel estacio,1
juan guillermo more,1
miguel hidalgo,1
capitan navio emilio carrillo,1
b. san juan,1
ramon ponce,1
sargento 2º fernando lores tenazoa,1
carlos egusquiza ames (rio chira),1
juan carbone,1
virrey serna,1
andres santa cruz,1
cabo alfonso soto martinez,1
nestor caceres,1
angel cepollini,1
lopez gamarra,1
agustin zarate,1
felipe barona,1
diego fernandez,1
carlos egusquiza,1
edgardo valentin,1
juan pablo risso,1
mariscal luis orbegoso,1
manuel bonnemaison,1
antonio raimondy,1
san francisco javier,1
j. rufino echenique,1
albino banda rivera,1
ovalo horacio zeballos,1
a. avelino caceres,1
mariano carbajal,1
francisco lanata,1
cristobal,1
precursor gabriel bejar,1
victor maldonado begazo,1
dante nava,1
inte andres bezada,1
augusto lopez rodriguez,1
jose ayala,1
rafael aed guerrero,1
manuel rivera,1
paul gauguin,1
luis neto,1
pedro ochoa torres,1
capitan felipe gil,1
alberto andrade carmona,1
jacob degen,1
victor alegria,1
luis orbegozo,1
william shakespeare,1
erick g. diaz cabrel,1
alberto lynch,1
severo pacayo,1
felipe gil,1
pedro herouard,1
james adams,1
manuel alva,1
eleonor roosevelt,1
ghandi,1
houssay,1
eliot estela calderon,1
reinaldo f.,1
elias calmet,1
julio ramon ribeyro,1
mariano canova,1
jose rosasco mendoza,1
domingo tristan moscoso,1
perez esequiel,1
padre luis tezza,1
jaime quevedo cabada,1
luis alvarado delgado,1
nelson queirolo queirolo,1
miguel olivera pumayali,1
eduardo albarracin medina,1
william ramirez,1
manuel morales,1
marques aviles,1
teniente jose meliton rodriguez,1
santa cruz sur,1
coronel cesar canevaro,1
carlos vivar espinoza,1
marco a. schennone oliva,1
comandante marko jara schenone,1
teneninete augusto guiterrez m.,1
esteban mallame,1
general pedro silva,1
san blas,1
martin jose olaya,1
coronel jose maria hernando,1
coronel enrique campos,1
pablo picasso,1
alberto perez,1
marques guadalcazar,1
david roca varea norte,1
juan bujanda,1
justiniano,1
carmen no 4,1
prospero rosado,1
carlos giusti acuña,1
hugo mazzini,1
capitan fap renan elias olivera,1
general fap federico recavarren,1
gral. pedro silva,1
rodrigo franco,1
teniente raul jimenez,1
carlos flores gomez,1
jose ochoa,1
juan chavez aguirre,1
felix tello rojas,1
don francisco,1
pierre simon laplace,1
doña raquel,1
luis alvarez tovar,1
miguel emilio luna,1
cristo rey,1
jose randu,1
paseo san juan,1
jose charriarse,1
cesar escobar,1
maximo gorbito,1
paulo vi,1
manuel carrero,1
carlos aguirre,1
ivan huerta,1
jesus tay,1
cesar diaz,1
cesar moro,1
carlos roldan,1
diego ojeda,1
victor placencia,1
nestor madalengoitia,1
jose m. seguin,1
general fap e. silva,1
francisco toledo,1
joaquin torrino,1
martin pinillos,1
soldado francisco rosa,1
henry matisse,1
simone martin,1
edouard manet,1
marques montesclaros,1
arquimedes,1
marques castelfuerte,1
marques villagarcia,1
alejandro,1
capitan pedro canga,1
m. pollo j.,1
carmen no 5,1
braulio saurez,1
alfa leon,1
capitan julio ponce antunez mayolo,1
pedro jimenez guzman,1
maria isabel granda l,1
cesar falcon,1
javier flor,1
victor marie,1
german lapeyre,1
henry revet,1
giovanni bellini,1
manuel lorenzo,1
capitan juan a. valencia,1
manuel perez,1
jose chairrase,1
lucio mansilla,1
santiago davila,1
manuel carbajal,1
walter rosales,1
augusto salaverry,1
baños inca (calle 2),1
san enrique,1
enrique blondet,1
general miguel iglesias,1
teniente diego ferrer,1
manco,1
leonidas gutierrez,1
pedro paulet mostajo,1
isidro mamani,1
alberto magno,1
gustavo cornejo,1
san norberto,1
juan bielovucic (calle 14),1
juan o connor (calle a),1
san juan crisostomo,1
faustino rodriguez sarmiento,1
melchor arteaga,1
martin pizarro,1
mateo avellaneda,1
aymi tupac,1
ventura monjoras,1
miguel anco,1
andres poma,1
esteban baca,1
salas pachacutec,1
jose amaro,1
rio victor,1
lucas collqui,1
grogorio enrique,1
mateo condori,1
jose yepez,1
rafael paucar,1
andres coscamayta,1
raul jimenez chavez,1
santiago cardanes (calle b),1
armando revoredo iglesias,1
san francisco sales,1
san pedro claver,1
san sotero,1
san francisco paula,1
victor humareda (calle 7),1
san esteban harding,1
juan diego,1
juan gonzalo rose (calle 4),1
san amadeo,1
abraham valdelomar (calle 5),1
san bernardo claraval,1
san simon stock,1
san agustin hipona,1
tomas moro,1
san cirilo jersualen,1
san andres avelino,1
san pablo cruz,1
san jose cafasso,1
santa maravillas jesus,1
san jose maria escriva,1
jose m. eguren (calle 5),1
san juan evangelista,1
san alfonso maria ligorio,1
santiago mayor,1
san anselmo canterbury,1
san carlos borromeo,1
santo tomas villanueva,1
san pio pietrecina,1
san fabian,1
san melquiades,1
abelardo quiñones,1
juan valer,1
gregorio cisa,1
diego bermejo,1
jose chavez,1
eduardo derteano,1
ovalo giuseppe verdi,1
jose albujar,1
teniente coronel francisco moreno,1
luis valcarcel,1
enrique b. camacho conde,1
pablo recabarren,1
teodoro gallardo,1
emilio ponce,1
coronel domingo ayarza,1
luis basa,1
cesar mone,1
felicita jesus,1
abel montoya,1
capitan tomas sanchez,1
manuel arturo odria,1
felipe aranizibia,1
padre amelio placencia,1
eloy nepo,1
jhon c. adams,1
jose razuri,1
jose mendizabal,1
tomas marsano - angamos,1
jose bolognesi,1
capitan joaquin castellano,1
pedro alcocer,1
herminio madrid gutierrez,1
arturo salazar,1
guillermo almenara,1
santa miguiel,1
teniente baltazar valle,1
dionisio campos,1
capitan manuel galindo,1
teniente garzon,1
san octavio,1
basilio,1
carlos alberto velasquez,1
general luna iglesias,1
general pedro morales bermudez,1
jose ramon pizarro,1
vidal,1
arturo revoredo,1
jose olavegoya,1
luis n. saenz,1
cabo gutarra,1
francisco brenner,1
jose manuel ugarteche,1
luis galvan,1
diego ortizola,1
francisco torres,1
luis galv{an,1
antonio polo,1
pedro murillo,1
manuel vivanco,1
miguel arriago,1
jose lizier terzi,1
jose legula,1
alfredo cardenas,1
howard,1
roberto owen,1
eleazar blanco,1
san juan carlos,1
verne,1
euripides,1
lope vega,1
perez oblitas,1
saenz,1
jose huida,1
